productId,description
7,Dehydrating agent.
14,Ammonium Hexanitrato Cerate.
15,Ammonium Hexanitrato Cerate.
16,Ammonium Hexanitrato Cerate.
17,100 Mesh.
24,(Tetrasulfato-Ceric Acid).
25,Standard solution for cerate oxidimetry.
26,Standard solution for cerate oxidimetry.
50,Saturated at 25C.
55,"Dehydrating Agent, Nominally 10-20 Mesh"
63,"Trace metal grade, analyzed for approximately 35 analytes in the PPB range.Note: Results reported at time of bottling in glass. The levels of Al, B, Ca, K, Mg, Mn, Na, and Si will increase over time.SKU 53105 is a GFS Express item with guaranteed same or next day shipping or the freight is free."
67,"Trace metal grade, analyzed for approximately 35 analytes in the PPB range.Note: Results reported at time of bottling in glass. The levels of Al, B, Ca, K, Mg, Mn, Na, and Si will increase over time."
71,Standard for non-aqueous titrations.  Approximately 0.1N perchloric acid in acetic acid and acetic anhydride.
78,Primary standard.
81,Reagent for periodic oxidimetry.
82,For chromatographic applications.
83,20-40 mesh. Reagent for Walden Silver Reductor.
103,Indicator for iodate and bromate oxidimetry.
107,"0.005 Molar Solution in Water, Oxidation-reduction indicator."
108,"4,7-Diphenyl-1,10-phenanthroline. Reagent for colorimetric determination of iron."
109,"2,2'-Bipyridyl. Reagent for the colorimetric determination of iron. Base for oxidation-reduction indicator."
114,Oxidation-reduction indicator.
117,Cuprizone. Super sensitive reagent for the spectrophotometric determination of copper(II).
120,Indicator for bromate oxidimetry.
127,Reagent for colorimetry. Base for oxidation-reduction indicator.
132,Reagent for colorimetric and gravimetric determination of iron. Base for oxidation-reduction indicator.
133,N-Phenylbenzeneamine. Oxidation-reduction indicator.
139,Reagent for the colorimetric determination of various metals.  (Diphenylthiocarbazone).
140,Indicator for cerate oxidimetry. Complex triphenylmethane derivative.
141,Indicator for cerate oxidimetry. Complex triphenylmethane derivative.
142,8-Quinolinol. Organic precipitant.
143,Reagent for reductimetry.
144,Reagent for reductimetry.
145,Oxidation-reduction indicator.
152,Indicator for iodate and bromate oxidimetry
154,Neocuproine. Reagent for the colorimetric determination of copper.
162,"o-Phenanthroline, ortho-Phenanthroline.  Reagent for the colorimetric determination of iron. Base for oxidation-reduction indicator."
163,Oxidation-reduction indicator.
165,"Ferroin. 0.025 Molar solution in water. Oxidation-reduction indicator. Meets requirements of Standard methods, APHA, AWWA, AOAC and others. 25 ml lots furnished in polyethylene dropping bottles."
169,Organic precipitant.
170,Oxidation-reduction indicator.
171,0.005 mol/L.  Oxidation-reduction indicator.
176,Also meets ACS specifications.
177,"Tripyridine, Tripyridyl. Reagent for colorimetry."
192,"Column for use as reductor with silver, amalgamated zinc or cadmium.  Also works well for ion exchange chromatography."
222,(Fluorescein-methylene-iminodiacetic Acid) Indicator for the determination of calcium by titration with EDTA. Suitable for fluorometric determination of calcium.
225,Polarographic Grade. A specially purified reagent suitable for supporting electrolyte in polarographic work at very negative potentials.
230,Trace metal grade - analyzed for approximately 35 analytes to PPT levels.
231,Solvent for nonaqueous titration of acids.
240,"2,9-Dimethyl-4,7-diphenyl-1,10-phenanthroline. Reagent for the colorimetric determination of copper."
241,Organic precipitant for nickel and palladium. See also sodium dimethylglyoximate octahydrate.
246,F-241; C.I. 14645; Erio T. Indicator for the determination of calcium plus magnesium by titration with EDTA.
247,"EDTA: Disodium dihydrogen ethylenedinitrilotetraacetate. Reagent for the complexometric titration of calcium, magnesium and other metals.  SKU 36001 is a GFS Express item with guaranteed same or next day shipping or the freight is free."
249,Reagent for the detection of silver.
250,"5-(p-Dimethylaminobenzylidine)-rhodanine, Reagent for the detection and colorimetric determination of silver."
261,Calcein + Thymolphthalein + Potassium Chloride. Determination of calcium in the presence of magnesium with EDTA.
265,Not on the TSCA inventory. For R&D use only.
273,Trace metal grade - analyzed for approximately 35 analytes to PPT levels.
275,F-240; C.I. 15705; Calcon. Indicator for the titration of calcium with EDTA.
278,1-(1-Hydroxy-4-methyl-2-phenylazo)-2-naphthol-4-sulfonic Acid. Indicator for the titration of Ca plus Mg with EDTA. Stable substitute for Eriochrome Black T having same color change & sharper end pt.
280,Not on the TSCA inventory.
286,"4,7-Diphenyl-1,10-phenanthrolinedisulfonic Acid Disodium Salt. Reagent for the colorimetric determination of iron. "
289,Not on the TSCA inventory.
294,"2,9 Dimethyl-4,7-diphenyl-1,10-phenanthroline-disulfonic Acid Disodium Salt. Reagent for the colorimetric determination of copper."
296,Not on the TSCA inventory.
297,Finely divided for Parr Bomb work.
301,Calcein + Bromthymol Blue + Potassium Chloride. Determination of calcium in the presence of magnesium with EDTA.
304,White powder that may contain black insolubles as a result of the firing process used.
312,SKU 47902 is a GFS Express item with guaranteed same or next day shipping or the freight is free.
315,Not on the TSCA inventory.
324,"PAN; PAN-2. Indicator for complexometric titrations. Cheng and Bray, Anal. Chem., 27,782 (1955). Reagent for the colorimetric determination of vanadium. Staten and Huffman, Anal.Chem.,31, 2003 (1959)."
330,EGTA. Reagent for complexometric titrations.
331,Indicator for iodometric titrations. Instantly soluble in water. Use 0.3g per determination.
333,"Air dried grade specially adapted for the determination of n-butyl-lithium. P.F. Collins, C.W. Kamienski, D.L. Esmay and R.B. Ellestad, ANAL.CHEM., 33,468 (1961)."
352,Oxidation-reduction indicator.
353,Polarographic Grade. A specially purified reagent suitable for supporting electrolyte in polarographic work.
359,"Reagent for the spectrophotometric determination of arsenic. Vasak and Sedivec, Chem. List., 46,341 (1952); Powers et al., Anal. Chem., 31, 1589 (1959)."
365,"A primary standard material for EDTA titration work. W.J. Blaedel and H.T. Knight, Anal. Chem., 26,743 (1954)"
366,(Tetra-n-hexylammonium Iodide) Suitable as supporting electrolyte in polarography.
371,"Indicator for the EDTA titration of copper.  R. Belcher, R.A. Close and T.S. West, Chem. and Ind., 1957,1647; Spectrophotometric reagent for beryllium A.M. Cabrera and T.S. West,Anal.Chem,35,311(1963)."
373,This grade not classified for particle size.
374,Indicator for complexometric titrations.
376,Working temperature up to 60 C.
380,"7-(4-Sulfo-1-Naphthylazo)-8-Hydroxyquinoline-5-Sulfonic Acid, Sodium Salt. Indicator for complexometric titrations. Guerin, Sheldon and Reilley, Chemist Analyst, 49, 36 (1960)."
381,"2,2'-Bicinchoninic Acid."
382,1.0 mol/L.
384,Iron and copper free.  1 mol/L.
385,Iron and copper free. pH approximately 4.
391,"Reagent solution for the determination of microgram amounts of EDTA, B Kratochvil and M.C. White, Anal. Chem., 37, 111 (1965)."
394,Tetra-n-butylammonium perchlorate.  Suitable for use as polarographic supporting electrolyte.
395,Variable degree of hydration between 0 and 1.
504,"SKU 43605 is a GFS Express item with guaranteed same or next day shipping or the freight is free.Trace metal grade, analyzed for approximately 35 analytes in the PPB range.Note: Results reported at time of bottling in glass. The levels of Al, B, Ca, K, Mg, Mn, Na, and Si will increase over time."
505,Propanediol Cyclic Carbonate. Iron and copper free.
507,Acetyldiphenylamine.
508,HHSNNA. Cal Red. Indicator for calcium in the presence of magnesium.
510,Suitable for use as polargraphic supporting electrolyte.
511,Suitable for use as polarographic supporting electrolyte.  Wet with 10% water.
512,(Tetra-n-hexylammonium Perchlorate) suitable for use as a polarographic supporting electrolyte.
516,"Reagent for the simultaneous spectrophotometric determination of iron and copper.  Schilt and Taylor, Anal. Chem., 42,220 (1970)."
518,Not on the TSCA inventory.
524,Not on TSCA inventory.
526,Holmium perchlorate is NOT on the TSCA inventory.
539,"3-Hydroxy-4-Nitroso-2,7-Naphthalenedisulfonic Acid Disodium Salt. Reagent for the colorimetric determination of cobalt."
540,"Reagent for the spectrophotometric determination of iron.  W.I. Stephen, Talanta, 16,939 (1969)."
542,AA or colorimetric standard.
543,AA or colorimetric standard.
544,"For AA, colorimetric and volumetric analysis."
545,"AA, colorimetric or volumetric standard."
546,"Trace metal grade, analyzed for approximately 35 analytes in the PPB range. Bottled in glass -levels of Al, B, Ca, K, Mg, Mn, Na and Si will increase over time."
548,Fine crystal.
557,Potassium peroxydisulfate.
558,Sodium Dithionite.
560,"Precipitation reagent for potassium, ammonium, rubidium, cesium, mercury, thallium and organic bases."
563,"Reagent for iron, aluminum and titanium."
564,"Masking and colorimetric reagent for various metal ions. Precipitation reagent for lead, cadmium, selenium, bismuth and tellurium."
566,"Reagent for zinc, mercury and copper. Complexometric indicator for direct titrations of zinc."
568,DTPA.
569,Reagent for the spectrophotometric determination of iron and copper.
588,"Aurintricarboxylic Acid, Ammonium Salt."
598,Ranges from 14-18 hydrate.
606,Approx. 30 mesh.
621,Trace metal grade. Low PPT level impurities.Bottled in leached PFA bottles to reduce metals impurities.
624,SKU 10305 is a GFS Express item with guaranteed same or next day shipping or the freight is free.
625,SKU 43505 is a GFS Express item with guaranteed same or next day shipping or the freight is free.
626,SKU 53005 is a GFS Express item with guaranteed same or next day shipping or the freight is free. Packaged in glass and PVC bottles.
627,SKU 59604 is a GFS Express item with guaranteed same or next day shipping or the freight is free.
629,Pellets.
630,SKU 67802 is a GFS Express item with guaranteed same or next day shipping or the freight is free. Pellets.
635,"No need to touch cuvettes or test tubes (up to 100 mm long) while cleaning using this unique lab aid. Constructed of PP, with room for 18 cuvettes, unit permits self-draining and dust-free storage."
639,Not on the TSCA inventory.
653,SKU 60502 is a GFS Express item with guaranteed same or next day shipping or the freight is free.
654,SKU 61003 is a GFS Express item with guaranteed same or next day shipping or the freight is free.
657,SKU 66802 is a GFS Express item with guaranteed same or next day shipping or the freight is free.
661,"Reagent for the determination of iron. Schilt and Hoyle, Anal. Chem., 39, 114 (1967)."
666,For determination of solution viscosity of pulps.
670,Chromatographic Grade.
671,Nominally 2-5 mesh.
672,C.I.42755 (Acid Blue 22).
674,Water soluble pH indicator.
675,Water soluble pH indicator.
676,Water soluble pH indicator.
677,Water soluble pH indicator.
679,Water soluble pH indicator.
684,Water soluble pH indicator. Not on the TSCA inventory.
685,Chromic Acid. 
688,CDTA.
689,"Ethylenedinitrilotetraacetic Acid, EDTA."
690,"1-(2-Naphtholazo-3,6-disulfonic acid)-2-naphthol-4-sulfonic acid disodium salt. Deposited on crystals of sodium chloride. Not on the TSCA inventory."
692,For sugar analysis.
699,"3,3-bis(p-Hydroxyphenyl)phthalide  SKU 58221 is a GFS Express item with guaranteed same or next day shipping or the freight is free."
700,Appearance - white flaky crystal.
701,Nominally 10-80 mesh.
704,Product is a free flowing powder.
707,Folin.
712,Uranine. Fluorescent indicator. May be used in examination of subterranean waters.
717,Typical particle range >90%  5.5 - 125 um.
722,SKU 43901 is a GFS Express item with guaranteed same or next day shipping or the freight is free.
730,0.0167 mol/L.
733,SKU 65627 is a GFS Express item with guaranteed same or next day shipping or the freight is free. 0.1 mol/L.
734,SKU 69202 is a GFS Express item with guaranteed same or next day shipping or the freight is free.Suitable for buffer solutions.
736,0.1 mol/L.
737,AA or colorimetric standard.
738,"IC, colorimetric or volumetric standard."
739,AA or colorimetric standard.
740,AA or colorimetric standard.
741,"AA, colorimetric or gravimetric standard."
742,"Volumetric, colorimetric or IC standard."
743,AA or colorimetric standard.
744,"AA, colorimetric or volumetric standard."
746,"Volumetric, colorimetric or turbidimetric standard."
747,AA or colorimetric standard.
748,AA or colorimetric standard.
750,"AA, colorimetric or volumetric standard."
751,"AA, colorimetric or volumetric standard."
752,"AA, colorimetric or volumetric standard."
753,"AA, colorimetric or volumetric standard."
754,"AA, colorimetric or volumetric standard."
755,"AA, colorimetric or volumetric standard."
756,"IC, colorimetric or volumetric standard."
757,"IC, colorimetric or volumetric standard."
758,"IC, colorimetric or volumetric standard."
759,"For AA, colorimetric and volumetric analysis."
760,"AA, colorimetric or volumetric standard."
761,"AA, colorimetric or volumetric standard."
762,"AA, colorimetric or volumetric standard."
763,"IC, colorimetric or volumetric standard."
764,"AA, colorimetric or volumetric standard."
765,"AA, colorimetric or volumetric standard."
766,"AA, colorimetric or volumetric standard."
768,Ammonium Hexanitrato Cerate.
769,"Bicinchonic acid, disodium salt for BCA assay."
771,NaHEDTA.
782,"4,5-Dihydroxy-2,7-naphthalenedisulfonic Acid, Disodium Salt. Typically an off-white to brown powder."
788,Ammonium purpurate. Indicator for complexometry.
789,"2,2-Dihydroxy-1,3-indanedione;1,2,3-Indanetrione monohydrate. Indicator for amines."
790,Phenolsulfonphthalein.
791,SKU 59553 is a GFS Express item with guaranteed same or next day shipping or the freight is free.
795,SKU 62302 is a GFS Express item with guaranteed same or next day shipping or the freight is free.  Clear to white crystal.
798,CI 45160.
803,SKU 69302 is a GFS Express item with guaranteed same or next day shipping or the freight is free.  Nominally 10-60 mesh.
805,Suitable as water standard for Karl Fischer determination.
810,"Trace metal grade.analyzed to ppb Levels.  Results reported at time of bottling in glass. Llevels of Al, B, Ca, K, Mg, Mn, Na and Si will increase over time."
811,SKU 12808 is a GFS Express item with guaranteed same or next day shipping or the freight is free.
814,Iron and copper free. Methanol.
817,Isopropanol or 2-Propanol. Iron and Copper free.
819,For use as a Spectroscopic Flux.
820,Thymolsulfonphthalein.  Water soluble pH indicator.
822,Reagent for mercury determination.
823,sym-Diphenylcarbazide.
832,Water soluble indicator.
849,Mixture of ester isomers.
865,1-Butanol.
889,"(N-chloro-p-toluenesulfonamide, sodium salt)."
893,x is typically 6-8.
896,o-Cresolsulfonphthalein. Water soluble pH indicator.
902,Powder.
905,C.I. 75300.
906,Convenient lab source for HCN gas.
909,Methylene Chloride.
915,"1,4-Dioxane. Contains stabilizer: BHT at 5-25 ppm.  1,4-Dioxane."
919,Ethyl bromide.
924,Contains 10-15% methanol as preservative
926,Dextrose.
928,SKU 47156 is a GFS Express item with guaranteed same or next day shipping or the freight is free. A mixture of hexane isomers plus methylcyclopentane.
931,SKU 43934 is a GFS Express item with guaranteed same or next day shipping or the freight is free.
932,SKU 43974 is a GFS Express item with guaranteed same or next day shipping or the freight is free.  Stabilized with less than 1ppm of tin.
934,2-Methyl-1-propanol.
955,See also Chloride Color Reagent #1991.
957,"Item removed from ACS Reagent Chemicals, 10th edition. These specs conform to the 9th edition specifications."
961,"Dimethyl Sulfoxide, DMSO."
962,Water soluble chelometric indicator.
968,"Material is light sensitive, protect from light."
969,"For ammonia determination. Prepared per ACS Reagent Chemicals, 10th Edition, page 103."
977,Azo Violet.
979,Ligroin. Mixed Hydrocarbons. SKU 57103 is a GFS Express item with guaranteed same or next day shipping or the freight is free.
983,Platinum content 72.20% min.
987,SKU 60481 is a GFS Express item with guaranteed same or next day shipping or the freight is free.
988,Potassium chloroplatinate (IV).
997,Rochelle Salt.
1004,Catalyst for hydrogenation 20-40 mesh. See Royer product information section.
1005,Catalyst for hydrogenation 40-200 mesh. See Royer product information section.
1013,"Ammonium Tetra(thiocyanato)diamminechromate (III), Monohydrate."
1018,x hydrate is about 3.
1020,Degree of hydration varies between 6 and 7.
1026,Sodium Hydrogen Sulfate.
1042,"(4,5-Dihydroxy-3-(p-sulfophenylazo)-2,7-naphthalene disulfonic acid, trisodium salt).  Indicator for zirconium, thorium and colorimetric indicator for fluoride."
1050,Titanyl Sulfate.
1055,(Isooctane).
1063,X hydrate typically between 5-8.
1068,Catalyst for hydrogenation 40-200 mesh. See Royer product information section.
1071,Monochloroacetic acid.
1077,"1,3-Benzenediol."
1083,Iron and copper free.
1085,"AA, colorimetric or volumetric standard."
1087,1-HEXANOL
1108,Certifiable.
1111,Not stabilized.  Packed under inert gas.  May discolor on storage.
1114,Benzofurazan 1-oxide.
1130,"Methyl Orange 0.1%, Xylene Cyanole 0.26% in Water"
1133,Mesh size (typical) 80-98% cumulative 200-325 mesh.
1136,Reagent Grade.
1138,0.1 mol/L.
1140,1-Pentanol.
1148,Used in determination of Biochemical Oxygen Demand.
1149,Black cobalt oxide.
1152,1 ml = 1 mg CaCO3. APHA for water hardness (without magnesium).
1156,Brown.
1160,Hydrazinium hydroxide.
1161,0.01 mol/L
1162,0.5 mol/L
1164,SKU 45625 is a GFS Express item with guaranteed same or next day shipping or the freight is free.  0.05 mol/L.  Solution consists of iodine and potassium iodide in water.
1173,Nickel Hydroxide Carbonate
1174,Nickel (II) oxide.
1176,1.0 mol/L.
1178,Potassium Hydrogen Tartrate
1179,For pH electrodes.  4 mol/L.
1180,Indicator for volumetric chloride determination.
1182,0.1 mol/L.
1183,0.5 mol/L.
1184,1 mol/L.
1186,Oxidimetric standard. Frequent restandardization recommended.  0.02 mol/L.
1189,May contain traces of unreacted selenium which appear as black specks.
1191,SKU 67811 is a GFS Express item with guaranteed same or next day shipping or the freight is free. 0.1 mol/L
1192,0.5 mol/L.
1193,1 mol/L
1195,1.0 mol/L.
1198,0.01 mol/L.
1199,0.05 mol/L.
1200,0.25 mol/L.
1201,0.5 mol/L.
1203,Stabilized with 0.025% BHT.
1205,-325 mesh. 
1223,Yellow powder.
1228,0.153 mol/L.
1229,Trace metal grade - analyzed for approximately 35 analytes to PPT levels.
1234,"Suitable for pesticide analysis, gas chromatography, liquid chromatography and ultraviolet spectrophotometry."
1255,4-Methylumbelliferone. Standard for fluorometric determination of enzyme activity.
1257,Cresolphthalein Complexone.
1258,Suitable for use in Chromatography of pesticide residues. Magnesium Silicate Activated at 675 C.
1261,Trace metal grade - analyzed for approximately 35 analytes to PPT levels.
1262,Trace metal grade - analyzed for approximately 35 analytes to PPT levels.
1281,See also electrolyte solution.
1282,See also titration solvent.
1285,0.05 mol/L.
1352,-325 Mesh.
1438,Lithium metasilicate.
1442,Degree of hydration is typically 1-2 moles water.
1468,Typical median particle size is about 30 microns.
1469,"(Acid Green 1, C.I. 10020). Suitable for complexometry."
1494,Mercaptoacetic Acid.
1512,"Trace metal grade, analyzed for approximately 35 analytes in the PPB range. Note: Results reported at time of bottling in glass. The levels of Al, B, Ca, K, Mg, Mn, Na, and Si will increase over time."
1513,Suitable for use as polarographic electrolyte.
1542,Iron and copper free.
1544,"AA, colorimetric or volumetric standard."
1551,5 mol/L.
1556,Desiccant with color indicator. Nominally 10-20 mesh.
1559,0.01 mol/L.
1563,0.00417 mol/L.
1564,KIO3 0.0167 mol/L.
1565,Appearance-colorless and free of suspended matter.
1567,"AA, colorimetric or volumetric standard."
1568,"AA, colorimetric or volumetric standard."
1569,"AA, colorimetric or volumetric standard."
1570,99 mesh and finer.
1572,2.0 mol/L.
1573,2 mol/L.
1578,Reagent for reductimetry.
1579,32% NaOH by wt. (Low Nitrogen grade for Kjeldahl) 10 mol/L.
1587,"3,4,5-trihydroxybenzoic acid."
1590,Powder.
1591,Suitable for flame enhancement in Atomic Absorption.
1593,1-Propanol.
1597,Oxidation-reduction indicator.
1600,For volumetric analysis. Suitable for general purpose or aldehydes and ketones. SKU 99607 is a GFS Express item with guaranteed same or next day shipping or the freight is free.
1601,For volumetric analysis. Suitable for general purpose or aldehydes and ketones.
1602,"For volumetric analysis. Must be used in conjunction with KF Solvent 1609, 1610 or Buffer 1615."
1607,Pyridine and chlorocarbon free vessel solution which retains solvent properties of the chloroform-containing solution. Suitable for non-polar samples.
1609,"For volumetric analysis. To be used with reagents 1600, 1601 and stable titrant 1602-1604. For determination of water in aldehydes and ketones in addition to general usage."
1612,Anolyte for coulometric titration for cells with diaphragm.
1613,For coulometric analysis. Catholyte for coulometric titrators.
1615,For volumetric analysis. May be used in place of KF Solvent 1610 for extra buffering capacity of 5 mmole of acid/ml.
1617,For volumetric or coulometric use. For standardization of KF titrants or titrators.
1618,For volumetric or coulometric use. For standardization of KF titrants or titrators.
1619,Substitutes for 1612 Vessel solution when moisture is to be determined in ketones. Does not contain methanol.
1620,For volumetric titrations. Titer approx. 5 mg/ml.
1621,Moisture-free diluent for adjusting titer of Pyridine-based KF Reagent.
1622,Anolyte for coulometric moisture determination.
1623,Catholyte for coulometric moisture determination.
1634,SKU 18411 is a GFS Express item with guaranteed same or next day shipping or the freight is free.
1645,SKU 18571 is a GFS Express item with guaranteed same or next day shipping or the freight is free.
1648,0.025 mol/L.  As titrant against copper.
1671,Pyridine and chlorocarbon free vessel solution for coulometers without diaphragm.  SKU 99853 is a GFS Express item with guaranteed same or next day shipping or the freight is free.
1674,0.1 mol/L.
1675,1.0 mol/L.
1677,0.10 mol/L.
1679,SKU 50392 is a GFS Express item with guaranteed same or next day shipping or the freight is free.  Low acetone. Methanol.
1681,Meets all ACS Specifications.
1682,SKU 41722 is a GFS Express item with guaranteed same or next day shipping or the freight is free.
1697,Granular form for Cadmium Reduction method for Nitrate. See apparatus section for information about using this product in a reductor tube.
1841,100 ppm each element in 5% Nitric Acid.
1842,100 ppm each element in 5% Nitric Acid.
1844,100 ppm each element in 20% Hydrochloric Acid.
1846,100 ppm each element in 5% Nitric Acid.
1850,"Reagent alcohol, consisting of about 5 volumes of isopropyl alcohol and 95 volumes of specially denatured formula 3-A alcohol.  SKU 10904 is a GFS Express item with guaranteed same or next day shipping or the freight is free.  Cannot be used for human consumption."
1860,0.5 mol/L.
1861,0.2 mol/L.
1865,100 ppm each element in 5% Nitric Acid with a trace of HF.
1866,Matrix: 5% nitric acid with trace tartaric acid.
1868,100 ppm each element.
1869,100 ppm each element in 5% Nitric Acid.
1874,100 ppm each element in 5% hydrochloric acid with a trace of HF.
1875,100 ppm each element in 20% Hydrochloric Acid with a trace of HF.
1885,Solvent for general use in single component volumetric titration. Allows for faster equilibrium in set-up and a faster titration than plain methanol.
1889,Fritless reagent for use in conjunction with KF oven. Pyridine and chlorocarbon free.
1892,For standardization of volumetric titrants. SKU 99881 is a GFS Express item with guaranteed same or next day shipping or the freight is free.
1895,Thymolsulfonphthalein.   
1963,SKU 76702 is a GFS Express item with guaranteed same or next day shipping or the freight is free. ASTM/APHA Type I Water
1970,For volumetric analysis. Must be used in conjunction with KF solvent 1609 or 1610 or Buffer 1615.
1972,0.1 mol/L.
1973,White crystals.
1975,"1,2-Propanediol."
1976,0.5 mol/L.
1977,9.0 mol/L.
1984,0.01 mol/L.
1986,"Indicating desiccant with 30% blue gel, 70% white gel."
1991,Ready to use solution. Contains mercuric thiocyanate and ferric nitrate.  Preserved with 20 mg/L of BRIJ-35.
2005,Reagent Grade.  SKU 24042 is a GFS Express item with guaranteed same or next day shipping or the freight is free.
2006,Reagent Grade.   
2024,For Phosphate by Ascorbic Acid (APHA) method.
2027,Reagent Grade Solution.
2031,ASTM Reagent No. 140.
2032,"APHA for phosphate, about 2.74 g/L."
2037,APHA for Nitrogen.
2039,ASTM Reagent No. 136.
2045,1-(1-Hydroxy-4-methyl-2-phenylazo)-2-naphthol-4-sulfonic Acid.
2048,ASTM Reagent No. 129.
2051,Platinum-Cobalt base.
2053,Reagent Grade.
2065,Saturated Solution.
2066,Reagent Grade.
2068,ASTM Reagent No. 148.
2070,"IC, colorimetric or volumetric standard."
2071,0.05 mol/L.
2075,For Arsenic by the APHA method using Silver Diethyldithiocarbamate.
2076,Lead Activity Standard ISE.
2080,0.05 mol/L.
2083,SKU 24821 is a GFS Express item with guaranteed same or next day shipping or the freight is free.
2085,SKU 24841 is a GFS Express item with guaranteed same or next day shipping or the freight is free.
2093,Indicator solution.
2094,In 50% Alcohol.
2098,63 g in 100 ml water.
2107,0.141 mol/L.  1 ml = 5 mg Cl.
2108,0.5 mol/L.
2110,0.05 mol/l.
2111,Carbon Dioxide Molarity Standard for Ion Selective Electrodes.  0.1 mol/L.
2119,0.5 mol/L.
2121,0.1 mol/L. Chloride Molarity Standard. Chloride   = 3545 ppm.
2124,APHA for Metals.
2128,Fluoride molarity standard.  0.1 mol/L.
2129,Reagent Grade.
2130,SKU 25292 is a GFS Express item with guaranteed same or next day shipping or the freight is free.  Suitable for Kjeldahl use.
2133,0.02 mol/L.
2137,ISA Adjuster for Chloride Specific Ion Electrodes.  5 mol/L.
2139,Nitrite Molarity Standard for Ion-selective Electrodes.  0.1 mol/L.
2141,0.05 mol/L.
2145,0.1 mol/L.
2146,0.05 mol/L.
2148,For mercury determination.
2149,APHA for Arsenic.
2150,APHA for Phosphate.
2152,Preserved with Salicylic Acid.
2158,2.5 mol/L.
2163,SKU 25621 is a GFS Express item with guaranteed same or next day shipping or the freight is free.  APHA & ASTM By the Specific Ion Method.
2167,Ammonium Chloride-Hydroxide with Magnesium EDTA for Water Hardness or for Standard EDTA Titrations. Expires 30 days after opening.
2168,Ammonium Chloride-Hydroxide for Water Hardness or for Standard EDTA Titrations. Contains no Mg Ions.
2169,AOAC for Iodine Absorption Number of Oils and Fats.
2171,6.0 mol/L.
2172,0.05 mol/L.
2174,Potassium chloride 0.01M.
2177,0.5 mol/L.
2180,"SKU 43535 is a GFS Express item with guaranteed same or next day shipping or the freight is free.  Trace metal grade, analyzed for approximately 35 analytes in the PPB range.Note: Results reported at time of bottling in glass. The levels of Al, B, Ca, K, Mg, Mn, Na, and Si will increase over time."
2188,2 mol/L.
2196,For checking calibration of coulometric KF equipment.
2198,0.2 mol/L.
2206,(Tetrasulfato-Ceric Acid).
2255,0.125 mol/L.
2262,Contact GFS for lower purity grade.
2268,MTBE.
2269,0.083 mol/L KIO3.
2270,0.0167 mol/L.
2280,-325 mesh
2285,"Ammonium Hydroxide-Ammonium Chloride Buffer. Prepared according to REAGENT CHEMICALS, ACS SPECIFICATIONS."
2286,For APHA and ASTM procedures for chlorine.
2288,Sodium Lauryl Sulfate.
2289,N-Methyl Pyrrolidone.
2291,0.1 mol/L.
2294,SKU 46122 is a GFS Express item with guaranteed same or next day shipping or the freight is free.Isopropanol or 2-Propanol.  
2295,Isopentyl Alcohol.
2296,Liver of Sulfur. Lumps and pieces.
2304,For volumetric or coulometric use.  For standardization of Karl Fischer titrants or titrators.
2305,1 + 9 dilution of HCl.
2311,For checking calibration of coulometric KF equipment.  Water in xylene.
2321,Catholyte solution for coulometric analysis. For both general use and aldehydes and ketones.
2323,"1000 ppm nitrogen from ammonium chloride, 1220 ppm ammonia."
2330,0.2 mol/L.
2338,"Catalyst for Kjeldahl Nitrogen Test (Standard Methods method 4500-B, 18th edition)."
2350,Substitute for Freon(r) in the EPA test for oil and grease in stormwater.
2357,TEEN.
2359,DEPP.
2361,PIPPS.
2363,MOPS.
2364,MES.
2377,Not on the TSCA inventory.
2379,Neopentyl bromide.
2381,Made from potassium chloride.
2384,"2,5-Hexanedione."
2385,Suitable for direct determination or with KF oven at 220 C.
2387,Contains:  Bromocresol Green and Methyl Red (green endpoint).
2388,Ethanal.
2391,Benzenemethanol.
2393,2-Methyl-2-propanol.
2394,Trichloromethane.
2395,"2',7'-Dichloro-3,6-fluorandiol."
2396,Furfural; 2-Furaldehyde.
2397,Aminoacetic Acid.
2398,"Gold Chloride; Tetrachloroauric (III) Acid, Trihydrate."
2400,Suitable for use in Wijs Solution.
2404,n-Octyl Alcohol; Suitable for use in determining  TSCA partition coefficients.
2405,Iron and copper free.
2406,"AA, colorimetric or volumetric standard."
2409,"1,2-Benzenedicarboxylic Acid."
2410,Mixture of potassium pyrosulfate and potassium hydrogen sulfate.
2411,Propanoic Acid.
2412,Sodium Methylate.
2413,SKU 88304 is a GFS Express item with guaranteed same or next day shipping or the freight is free.
2414,For iodometry. Potato starch.
2416,4-Methylbenzenesulfonic Acid Monohydrate.
2418,CDTA.
2421,For organic oxidations.
2424,Osmic Acid.  Packaged in ampules.
2426,Pt 46%.
2427,"Pieces (about 1"" cubes), packed under argon."
2429,Tin (II) Chloride.
2433,99% Crystals.
2436,Mixed phosphate buffer. Approximate tetrabutylammonium ion concentration 0.5 M.
2447,Oxidimetric standard. Frequent restandardization recommended.  0.0087 mol/L.
2448,Stabilized.
2449,20 wt % in water.
2452,Tetrafluoroboric Acid.
2454,Typically 60-200 mesh.
2457,N-[p-Methoxyphenyl]-p-phenylenediamine hydrochloride.
2458,"2',4',5',7'-Tetrabromofluorescein, Disodium Salt."
2475,0.05 mol/L.
2478,Meets all American Chemical Society specifications except for assay.
2483,SKU 50444 is a GFS Express item with guaranteed same or next day shipping or the freight is free.  Also meets ACS Specifications.
2484,Methylene chloride. Also meets ACS Specifications.
2488,Meets ACS UV Spectrophotometry Specifications.
2489,SKU 46134 is a GFS Express item with guaranteed same or next day shipping or the freight is free.Meets ACS Specifications for Ultraviolet Spectrophotometry.
2490,MTBE. Also meets ACS Specifications.
2492,Also meets ACS Specifications. Contains no stabilizer.
2494,(Isooctane).  Also meets ACS UV grade specifications.
2495,Also meets ACS specifications.
2497,Mixture of hexane isomers plus methylcyclopentane.
2511,"1,3-Dioxolan-2-one; Glycol Carbonate."
2512,Oxidation-reduction indicator.
2513,Meets ACS Specifications.
2525,Complex mixture of Tetramethylammonium hydroxide and silica in a 1:2 ratio.
2528,1 mol/L.
2530,Neopentyl Chloride.
2532,Neopentyl iodide. Stabilized with copper.
2533,Lithium triflate.
2537,Preserved with Salicylic Acid.
2542,Trace metal/ICP grade packed in plastic resin bottles to eliminate common metals leached from glass.
2546,0.0333 mol/L.
2549,"The 500 ml kit contains 2 x 500 ml of each pH 4 red (GFS 1634), pH 7 yellow (GFS 1639) and pH 10 blue (GFS 1645).  The 4 L kit contains 1 x 4 L of each of the above items.  SKU 18331 is a GFS Express item with guaranteed same or next day shipping or the freight is free."
2555,Methyl Paraben.
2559,Not on the TSCA inventory.
2562,Organic soluble pH indicator.
2582,Reagent for the spectrophotometric determination of iron and copper. Approximately 7% water.
2583,Metals analysis reported on certificate in ppm.
2584,Metals analysis reported on certificate in ppm.
2585,Metals analysis reported on certificate in ppm.
2586,Metals analysis reported on certificate in ppm.  SKU 43498 is a GFS Express item with guaranteed same or next day shipping or the freight is free.
2587,Metals analysis reported on certificate in ppm. Packaged in glass and PVC bottles.
2588,Metals analysis reported on certificate in ppm.
2590,Item is guaranteed to trace metal specifications. Packed in HDPE bottles to minimize boron and silicon contamination.
2591,Similar to redistilled grade with guaranteed trace metal specifications. Packed in PPQ bottles to minimize boron and silicon contamination.
2597,n-butyl bromide.
2611,"Flow rate 800, clarity 965."
2612,"Flow rate 2500, clarity 940."
2613,"Flow rate 3000, clarity 936."
2614,"Flow rate 5500, clarity 927."
2616,Acid washed.
2618,Chromatographic Grade.
2619,Chromatographic Grade.
2620,Chromatographic Grade.
2622,Contains <2% cobalt chloride.
2624,Contains <2% cobalt chloride.
2626,Contains <2% cobalt chloride.
2628,Contains <2% cobalt chloride.
2637,Surface area 1500 m2/g; pore volume 1.5 cc/g.
2642,Strongly acidic gel-type resin with sulfonic acid functionality. Total capacity 1.9 meq/ml.
2644,Weakly basic gel-type resin with tertiary amine functionality. Total capacity 1.6 meq/ml.
2645,Strongly basic gel-type resin with quaternary ammonium functionality.
2647,"Strongly basic, macroreticular resin of moderately high porosity with benzyltrialkylammonium functionality. Useful in decolorizing and removal of organic materials."
2652,"Strongly acidic, macroreticular, with sulfonic acid functionality, suitable for non-aqueous catalyst."
2653,"Strongly acidic, macroreticular, with sulfonic acid functionality, suitable for non-aqueous catalyst."
2654,"Weakly basic, macroreticular, alkyl amine functionality."
2655,Sodium hydroxide coated silica.
2657,Polyoxyethylene(10) isooctylphenyl ether. n in formula is about 10.
2666,Type I strong base anion exchange resin with 2% cross-linking; chloride ion form; 200-400 mesh.
2668,Type I strong base anion exchange resin with 4% cross-linking; chloride ion form; 50-100 mesh.
2671,Type I strong base anion exchange resin with 8% cross-linking; chloride ion form; 50-100 mesh.
2673,Type I strong base anion exchange resin with 8% cross-linking; chloride ion form; 200-400 mesh.
2680,Strong acid cation exchange resin with 2% cross-linking; hydrogen ion form; 100-200 mesh.
2683,Strong acid cation exchange resin with 4% cross-linking; hydrogen ion form; 100-200 mesh.
2685,8% Cross-linking; 16-40 mesh; strongly acidic.
2686,Strong acid cation exchange resin with 8% cross-linking; hydrogen ion form; 50-100 mesh.
2687,Strong acid cation exchange resin with 8% cross-linking; hydrogen ion form; 100-200 mesh.
2688,Strong acid cation exchange resin with 8% cross-linking; hydrogen ion form; 200-400 mesh.
2692,TPP. Contains 1-3% of the corresponding chlorine.
2699,Suitable as adsorbent in gas chromatography. Magnesium Silicate Activated at 650 C.
2700,Suitable as adsorbent in gas chromatography. Magnesium Silicate Activated at 650 C.
2701,Suitable as adsorbent in gas chromatography. Magnesium Silicate Activated at 650 C.
2702,Suitable as adsorbent in gas chromatography. Magnesium Silicate Activated at 650 C.
2703,Suitable as adsorbent in gas chromatography. Magnesium Silicate Activated at 650 C.
2717,Tributylmethylammonium chloride solution in water.
2727,"1,2-Dihydroxybenzene."
2732,2-Pyridinecarbonitrile.
2745,Diacetone alcohol
2747,"Indole-2,3-dione."
2751,Acetylacetone.
2754,Diphenyl ether.
2716,2-Hydroxybenzaldehyde.
2770,Tosyl chloride.
2780,For chromatographic applications.
2782,For dehydration where fine particle size and moisture indication is required.  5% blue indicating gel.
2787,Blue indicating desiccant.  impregnated with Cobalt Chloride to act as moisture indicator.
2788,Intermediate density adsorbent.
2789,"Large pore diameter, intermediate density, also suitable as catalyst support."
2791,Not on the TSCA inventory.
2792,Granular desiccant.
2794,For Chromatographic applications.
2796,White quartz.
2802,"Irregular, chromatographic grade. 60 angstrom pore size, -400 mesh (15-35 micron) particle size."
2803,"Irregular, chromatographic grade. 60 angstrom pore size, 230-350 mesh (40-63 micron) particle size."
2813,"Irregular, chromatographic grade. 150 angstrom pore size, 120-230 mesh (60-120 micron) particle size 300 m2/g surface area."
2828,"Irregular, chromatographic grade. 60 angstrom pore size, standard particle size distribution of 70-230 mesh (63-210 micron). Surface area 500 m2/g.   M-N # 815330."
2832,"Unmodified, spherical silica.  50 angstrom pore size, 10 micron particle size."
2848,"Unmodified, spherical silica.  1000 angstrom pore size, 7 micron particle size."
2852,"Unmodified, spherical silica.  4000 angstrom pore size, 10 micron particle size."
2893,Adsorbent for low pressure column chromatography.
2895,Adsorbent for low pressure column chromatography.
2896,Adsorbent for low pressure column chromatography.
2902,White to green blue powder.
2909,Ammonium Hexanitrato Cerate.
2910,Working temperature up to 105 C.
2926,1-Nitro-2-pentyloxybenzene.  Used in chemical sensing.
2933,Not on the TSCA inventory.
2935,4-Ethynylacetophenone. Not on the TSCA inventory.
2936,Readily loses water in air.
2939,Isopropyl bromide.
2961,2-Methylbutane.
2968,"Box of 100 sticks, 6 x 85 mm with color scale. Graduated in half units from pH 4.5 - 10.0."
2972,Assay approximately 98% by mass balance.
2978,"For volumetric analysis. To be used with KF Titrants 1600, 1601. For determination of water in oils or other non-polar compounds."
2984,"Some solids may be present, which will redissolve upon heating to 40 C in a water bath."
2991,"For volumetric analysis. To be used with stable titrant 1602-1604, 1970 or 1616. For determination of water in oils or other non-polar compounds."
2992,Hexylene glycol.
3011,Not on the TSCA inventory.
3012,Not on the TSCA inventory.
3013,Not on the TSCA inventory.
3015,Not on the TSCA inventory.
3019,Requires refrigeration. Not on the TSCA inventory.
3020,Not on the TSCA inventory.
3024,Not on the TSCA inventory.
3028,Not on the TSCA inventory.
3030,Requires refrigeration. Crotonylene.
3032,TETROLIC ACID.
3033,Not on the TSCA inventory.
3037,Requires refrigeration. Not on the TSCA inventory.
3038,Requires refrigeration. Not on the TSCA inventory.
3040,"Light sensitive, protect from light."
3045,Not on the TSCA inventory.
3046,Not on the TSCA inventory.
3052,Not on the TSCA inventory.
3053,Requires refrigeration.
3055,Not on the TSCA inventory.
3056,Not on the TSCA inventory.
3057,Not on the TSCA inventory.
3066,Not on the TSCA inventory.
3067,Bromocyclopentane.
3068,Not on the TSCA inventory.
3069,Requires refrigeration. Not on the TSCA inventory.
3073,Not on the TSCA inventory.
3076,Not on the TSCA inventory.
3077,Not on the TSCA inventory.
3078,Not on the TSCA inventory.
3079,Not on the TSCA inventory.
3082,Not on the TSCA inventory.
3087,Not on the TSCA inventory.
3093,Not on the TSCA inventory.
3094,Not on the TSCA inventory.
3096,Not on the TSCA inventory.
3097,Not on the TSCA inventory. Bulk volumes packaged in cylinders. Cylinder charges will be added to all bulk orders.
3100,Requires refrigeration. Not on the TSCA inventory.
3101,Not on the TSCA inventory.
3105,Not on the TSCA inventory.
3106,Not on the TSCA inventory.
3109,Not on the TSCA inventory.
3110,Not on the TSCA inventory.
3113,Requires refrigeration. Not on the TSCA inventory.
3115,Requires refrigeration. Not on the TSCA inventory.
3117,Not on the TSCA inventory.
3122,Not on the TSCA inventory.
3125,Not on the TSCA inventory.
3128,"Racemic mixture of 2R,3R and 2S,3S forms."
3132,Not on the TSCA inventory.
3134,WARNING: Reported to undergo explosive decomposition if heated above its boiling point to 100 C. Requires refrigeration. Not on the TSCA inventory.
3136,Not on the TSCA inventory.
3139,Not on the TSCA inventory.
3140,Not on the TSCA inventory.
3141,Not on the TSCA inventory.
3144,Not on the TSCA inventory.
3146,Not on the TSCA inventory.
3150,Not on the TSCA inventory.
3151,Inhibited with 0.01% hydroquinone. Not on the TSCA inventory.
3152,Not on the TSCA inventory.
3155,Requires refrigeration. Not on the TSCA inventory.
3161,Not on the TSCA inventory.
3163,Not on the TSCA inventory.
3165,Not on the TSCA inventory.
3166,Not on the TSCA inventory.
3167,Not on the TSCA inventory.
3168,Not on the TSCA inventory.
3169,Not on the TSCA inventory.
3170,Not on the TSCA inventory.
3171,Not on the TSCA inventory.
3173,Tetradecylacetylene.
3178,Not on the TSCA inventory.
3180,Not on the TSCA inventory.
3187,Not on TSCA inventory.
3194,Not on the TSCA inventory.
3195,Not on the TSCA inventory.
3196,Not on the TSCA inventory.
3197,Not on the TSCA inventory.
3199,Not on the TSCA inventory.
3202,Not on the TSCA inventory.
3203,Requires refrigeration. Not on the TSCA inventory.1-Butynyl Methyl Ketone.
3204,Not on the TSCA inventory.
3205,Requires refrigeration. Not on the TSCA inventory.
3208,Not on the TSCA inventory.
3209,Not on the TSCA inventory.
3211,Not on the TSCA inventory.
3212,Not on the TSCA inventory.
3214,Preserved with BHT.  Product requires refrigeration. Not on the TSCA inventory.
3215,Not on the TSCA inventory.
3216,Not on the TSCA inventory.
3217,Not on the TSCA inventory.
3218,Requires refrigeration. Not on the TSCA inventory.
3223,Not on the TSCA inventory.
3226,Not on the TSCA inventory.
3228,Not on the TSCA inventory.
3229,Requires refrigeration. Not on the TSCA inventory.
3232,Not on the TSCA inventory.
3233,Not on the TSCA inventory.
3237,Not on the TSCA inventory.
3239,Not on the TSCA inventory.
3240,Not on the TSCA inventory.
3242,Not on the TSCA inventory.
3243,Not on the TSCA inventory.
3245,Requires refrigeration. Not on the TSCA inventory.
3246,Requires refrigeration. Not on the TSCA inventory.
3249,Requires refrigeration. Not on the TSCA inventory.
3253,Not on the TSCA inventory.
3254,Not on the TSCA inventory.
3255,Not on the TSCA inventory.
3257,Not on the TSCA inventory.
3259,Not on the TSCA inventory.
3261,Not on the TSCA inventory.
3265,Stabilized with BHT.
3269,Not on the TSCA inventory.
3271,Not on the TSCA inventory.
3272,Not on the TSCA inventory.
3276,Not on the TSCA inventory.
3277,Not on the TSCA inventory.
3278,Not on the TSCA inventory.
3279,Light sensitive.
3280,Not on the TSCA inventory.
3281,Not on the TSCA inventory.
3283,Not on the TSCA inventory.
3284,Not on the TSCA inventory.
3285,Not on the TSCA inventory.
3286,Not on the TSCA inventory.
3287,Not on the TSCA inventory. Low melting solid.  Avoid storage in glass to avoid potential breakage.
3288,Not on the TSCA inventory.
3289,Not on the TSCA inventory.
3294,Lachrymator. Requires refrigeration. Stabilized with Hydroquinone.
3295,2-Propyn-1-ol.  Refrigerate.
3296,"Requires refrigeration; Not on the TSCA Inventory. 3,3-Diethoxy-1-Propyne. Stabilized with Potassium carbonate. Any haze in liquid due to Potassium carbonate."
3299,Not on the TSCA inventory.
3303,Not on the TSCA inventory.
3305,Cylinder deposit. Cylinder pressure 60 psi @ 21 C. Stabilized with BHT & Hydroquinone.
3309,Not on the TSCA inventory.
3311,Requires refrigeration.
3312,Not on the TSCA inventory.
3316,Light sensitive. Not on the TSCA inventory.
3325,Not on the TSCA inventory.
3326,Not on the TSCA inventory.
3328,Not on the TSCA inventory.
3331,Perfluoroacetic acid.
3333,Triflic acid.
3337,Not on the TSCA inventory.
3342,Not on the TSCA inventory.
3344,Not on the TSCA inventory.
3345,Not on the TSCA inventory.
3347,Not on the TSCA inventory.
3348,Requires refrigeration. Not on the TSCA inventory. May exist as a liquid or solid depending on purity.
3349,Not on the TSCA inventory.
3353,Not on the TSCA inventory.
3356,Requires refrigeration. NOT on the TSCA inventory.
3357,Not on the TSCA inventory.
3364,Not on the TSCA inventory.
3368,Not on the TSCA inventory.
3369,Not on the TSCA inventory.
3373,Requires refrigeration. Not on the TSCA inventory.
3379,Not on the TSCA inventory.
3380,Trimethylchlorosilane.
3381,(omega)-Undecylenyl Alcohol.
3382,Average molecular weight about 300.
3385,Requires refrigeration. Not on the TSCA inventory.
3386,Not on the TSCA inventory.
3388,Not on the TSCA inventory.
3389,"Stablized with BHT, approximately 10 ppm stabilizer."
3390,Not on the TSCA inventory.
3391,Not on the TSCA inventory.
3395,"1,1-Dimethylpropargylamine."
3397,Not on the TSCA inventory.
3398,Not on the TSCA inventory.
3399,Refrigeration required. Not on the TSCA inventory.
3400,Not on the TSCA inventory.
3404,"cis-2-OCTENE, 96%"
3405,Not on the TSCA inventory.
3406,Not on the TSCA inventory.
3409,"Light sensitive, protect from light. Not on the TSCA inventory."
3410,Not on the TSCA inventory.
3417,Not on the TSCA inventory.
3420,Refrigerate and store under inert gas. Not on the TSCA inventory.
3421,Not on the TSCA inventory.
3422,Not on the TSCA inventory.
3424,Not on the TSCA inventory.
3426,Not on the TSCA inventory
3433,Not on the TSCA inventory.
3434,Not on the TSCA inventory.
3437,Not on the TSCA inventory.
3441,Not on the TSCA inventory.
3442,Not on the TSCA inventory.
3446,Not on the TSCA inventory.
3447,Not on the TSCA inventory.
3448,Not on the TSCA inventory.
3452,Not on the TSCA inventory.
3456,Not on the TSCA inventory.
3457,Not on the TSCA inventory.
3461,Not on the TSCA inventory.   This material is a solid when <26C so it may require heating to transfer material.
3463,On the TSCA inventory.
3464,Not on the TSCA inventory.
3465,"1H-Benzotriazole, 1,2,3-Benzotriazole."
3467,Not on the TSCA inventory.
3469,Not on the TSCA inventory.
3471,Nominally 60-200 mesh powder.
3472,"Not on the TSCA Inventory, for R&D purposes only."
3476,Enanthic acid.
3477,Not on the TSCA inventory. Hydrate is approximately 3.
3478,Not on the TSCA inventory. hydrate is approximately 3.
3480,Not on the TSCA inventory.
3483,Stabilized with copper.
3484,Not on the TSCA inventory.
3485,Not on the TSCA inventory. For R&D use only.
3490,Not on the TSCA inventory.
3493,For checking calibration of coulometric KF equipment.
3494,Sodium carbonate-hydrogen peroxide adduct.
3495,"1,4-bis(2,3-epoxypropoxy)butane."
3497,Not on the TSCA inventory.
3498,Not on the TSCA inventory. X hydrate is approximately 3.
3499,"Average molecular weight about 4,000."
3501,Average molecular weight about 200.
3502,Average molecular weight about 400.
3503,Average molecular weight about 600.
3505,Average molecular weight about 1000.
3506,"Average molecular weight about 1,500."
3507,"Average molecular weight about 2,000."
3508,"Average molecular weight about 3,400."
3509,"Average molecular weight about 4,600."
3510,"Average molecular weight about 8,000."
3511,"Average molecular weight about 10,000."
3514,0.0141 mol/L.  1 ml = 0.5 mg Cl.
3516,Mixture of cis and trans isomers.
3519,Not on the TSCA inventory.
3520,Not on the TSCA inventory.
3524,Not on the TSCA inventory.
3526,Not on the TSCA inventory.
3528,Not on the TSCA inventory.
3529,Not on the TSCA inventory.
3530,Not on the TSCA inventory.
3531,Not on the TSCA inventory.
3537,Not on the TSCA inventory.
3538,Not on the TSCA inventory.
3540,Not on the TSCA inventory.
3543,Not on the TSCA inventory.
3544,Not on the TSCA inventory.
3553,1 mol/L.
3561,Purity greater than 75% cyclopentane: 98+% cyclopentane and saturated C5 hydrocarbons.
3565,Refrigeration required. NOT on the TSCA Inventory.
3569,"Specially dried methyl alcohol for use with KF Reagents 1600, 1601 and 1620. For general purpose. Not for aldehydes and ketones.  SKU 50362 is a GFS Express item with guaranteed same or next day shipping or the freight is free."
3571,0.0833 mol/L.
3572,0.01 mol/L.
3575,"Some solids may be present, which will redissolve upon heating to 40 C in a water bath."
3578,0.1 mol/L.
3595,Mixture of sodium bisulfite and sodium metabisulfite
3611,Typically <5 micron.
3613,CUPROUS IODIDE.
3621,Desiccant.
3628,Silver (I) oxide.
3629,"Predominantly silver (II) oxide, contains silver(I) oxide."
3633,-325 mesh. 
3649,Average particle size about 1 micron.
3663,crystals.
3718,Approximates trihydrate formulation; ca. 14% water. Reduced-moisture salt to promote synthetic organic reactions.
3720,t-Butyl chloride.
3721,Not on the TSCA inventory.
3722,Approximates dihydrate formulation; ca. 10% water. Reduced-moisture salt to promote synthetic organic reactions.
3726,Not on the TSCA inventory. For R&D use only.
3740,Approximates trihydrate formulation at the time of packaging; ca 14% water. Packaged in ampules. Reduced-moisture salt for catalyst applications.
3747,Made from potassium chloride.
3749,Typical particle size about 1.4 microns.
3750,BHT Preservative.
3752,Suitable for protein denaturization.
3753,Refrigerate to maximize shelf life.
3762,Refrigerate to maximize shelf life.
3766,Refrigerate to maximize shelf life.
3778,"Suitable for pesticide analysis, gas chromatography, liquid chromatography and ultraviolet spectrophotometry."
3790,Retest concentration regularly.
3793,Approximates dihydrate formulation; ca 20% H2O. Reduced-moisture salt to promote synthetic organic reactions.
3794,Approximates tetrahydrate formulation; ca 20% H2O. Reduced-moisture salt to promote synthetic organic reactions.
3797,Stabilized with copper.
3799,Stabilized with copper.
3805,Stored over copper.
3812,Not on the TSCA inventory. For R&D use only.
3830,Not on the TSCA inventory. Approximates octahydrate formulation at the time of packaging; ca 24% water. Packaged in vials under nitrogen. Reduced-moisture salt for catalyst applications.
3833,Trimethylene dichloride.
3836,Trimethylene dichloride.
3841,Not on the TSCA inventory.
3850,Not on the TSCA inventory. For R&D use only.
3854,Not on the TSCA inventory.
3880,Not on the TSCA inventory.
3889,"Mixed isomers, typically >85% trans."
3891,Not on the TSCA inventory. For R&D use only.
3897,Not on the TSCA inventory.
3907,Not on the TSCA inventory.
3922,Not on the TSCA inventory.
3925,Not on the TSCA inventory.
3926,Not on the TSCA inventory.
3927,Not on the TSCA inventory.
3928,Not on the TSCA inventory.
3932,Not on the TSCA inventory.
3933,Not on the TSCA inventory.
3955,Not on the TSCA inventory.
3966,Not on the TSCA inventory.
3967,Requires refrigeration. Not on the TSCA inventory.
3969,Requires refrigeration. Not on the TSCA inventory.
3974,Not on the TSCA inventory. For R&D use only.
3980,Not on the TSCA inventory. For R&D use only.
3984,Trace metal grade assayed to PPB levels.  SKU 11782 is a GFS Express item with guaranteed same or next day shipping or the freight is free.
4080,o-Nitrophenol.
4477,p-Dibromobenzene.
4524,Federal Excise Tax of $26.68 /gal is included in the sales price.
4547,Isopropyl bromide.
4737,"Certified 97% assay - complete certified analysis and detailed specifications.
 
      <li>
        Rigorous purification process eliminates impurities that interfere with sensitive reactions.
      </li>"
4772,Butyldiglycol.
4809,n-Heptyl alcohol.
4847,Propylenediamine.
5000,0.005 mol/L.
5005,Approximately 1.0 M solution in 2-ethoxyethyl ether. Limited shelf life. Brochure available.
5016,Approx. 5-6 moles water.
5026,Copper (I) Bromide.
5027,Copper (I) Chloride.
5033,Di-iodine pentoxide.
5043,Mercury II Chloride.
5045,Mercury II Nitrate.
5046,Mercury II Oxide.
5049,Diammonium Molybdate.
5050,Molybdic anhydride.
5056,Palladium II Oxide.
5062,cis-Platin.
5063,Typically 40% Pt.
5066,Not on the TSCA inventory.
5090,Packed under argon.
5091,"Cerium (III) Nitrate, Hexahydrate."
5105,Pellets.
5108,x = approx. 6.
5134,Not on the TSCA inventory. For R&D use only.
5139,Approximates trihydrate formulation at the time of packaging; ca 11% water. Packaged in ampules. Reduced-moisture salt for catalyst applications.
5143,Not on the TSCA inventory. For R&D use only.
5147,hydrate is about 2-3.
5150,Not on the TSCA inventory. For R&D use only.
5153,Not on the TSCA inventory. Approximates octahydrate formulation at the time of packaging; ca 24% water. Packaged in vials under nitrogen. Reduced-moisture salt for catalyst applications.
5154,Not on the TSCA inventory. For R&D use only.
5155,Approximates trihydrate formulation; ca 19% H2O. Reduced-moisture salt to promote synthetic organic reactions.
5159,Not on the TSCA inventory. For R&D use only.
5162,Not on the TSCA inventory. For R&D use only.
5168,Reduced-moisture salt to promote synthetic organic reactions.
5170,Not on the TSCA inventory. For R&D use only.
5175,Not on the TSCA inventory. For R&D use only.
5177,Not on the TSCA inventory. For R&D use only.
5179,Not on the TSCA inventory. For R&D use only. Degree of hydration approximately 2-3.
5183,Not on the TSCA inventory. Approximates octahydrate formulation at the time of packaging; ca 30% water. Packaged in vials under nitrogen. Reduced-moisture salt for catalyst applications.
5184,Approximates tetrahydrate formulation; ca. 24% water. Reduced-moisture salt to promote synthetic organic reactions.
5188,sec-Butyl iodide. Stored over copper.
5193,Typically 14-18 hydrate.
5194,Not on the TSCA inventory.
5202,For coulometric analysis of oils and petroleum products. Anolyte for coulometric titrators.  SKU 12165 is a GFS Express item with guaranteed same or next day shipping or the freight is free.
5203,Not on the TSCA inventory.
5204,Not on the TSCA inventory
5231,KHP in dilute phosphoric acid
5238,Matrix modifier for graphite furnace AA. Nominally 1% Pd solution in about 5% nitric acid.
5248,Not on the TSCA inventory.
5252,Not on the TSCA inventory.
5261,Not on the TSCA inventory.
5268,Granular.
5269,Powder.
5271,Powder.
5274,Granular. Degree of hydration 1-3.
5275,Crystals.
5277,Granular.
5278,Powder.
5279,Typically -200 mesh.
5281,Granular.
5284,Malonic acid diethyl ester.
5291,Not on the TSCA inventory.
5300,Not on the TSCA inventory.
5302,"Catalyst for Kjeldahl Nitrogen Test (Standard Methods), replacement for Mercury Sulfate digest solution."
5303,Not on the TSCA inventory.
5310,Stored over copper.
5312,"1,2-Epoxypropane."
5318,1-Bromo-3-butyne. Not on the TSCA inventory.
5322,For use with all Watermark titrants except 1616. Suitable for Aldehydes and Ketones. Especially suitable for higher MW products and mixtures containing non-polar constituents.
5328,"Meets specifications for EPA method 1664, Revision A, n-Hexane Extractable Material by Extraction and Gravimetry. SKU 15224 is a GFS Express item with guaranteed same or next day shipping or the freight is free."
5343,Not on the TSCA inventory.
5369,"ASTM 2193-97. Ceric Acid Sulfate, Standard Solution (0.002 N)."
5378,Not on the TSCA inventory.
5382,TPT. An essentially planar ligand that enables the construct of unusual and highly symmetrical polynuclear complexes and metal-organic frameworks. Not on the TSCA inventory.
5405,Ethyldiglycol.
5407,Methyldiglycol.
5412,A mixture of tautomers.
5429,"1,3,5-Trimethylbenzene."
5430,Propyleneglycol methyl ether.
5440,3-(N-Morpholino)propanesulfonic acid sodium salt.
5457,For ion pair chromatography.
5463,Hydrous magnesium silicate.
5481,Not on the TSCA inventory.
5501,2 molar in tetrahydrofuran.
5502,Methallyl Bromide. Not on the TSCA inventory.
5508,Material is TSCA listed.
5522,Not on the TSCA inventory.
5524,1 mg/L dissolved oxygen.
5526,Contains potassium hydrogen phthalate and potassium chloride and has a pH near 4.
5528,Not on the TSCA inventory.
5529,5-Hexenylamine.  Not on the TSCA inventory.
5534,Contains stabilizer.
5535,Not on the TSCA inventory.
5538,Not on the TSCA inventory.
5542,19:1 cis/trans ratio.
5551,Not on the TSCA inventory.
5553,pH electrode storage solution. Contains potassium chloride and has a pH near 7.
5560,Not on the TSCA inventory.
5561,"ISOPROPENYLMAGNESIUM BROMIDE, 1.5 M, in METHYL TETRAHYDROFURAN."
5563,Suitable for LC-MS.  SKU 17892 is a GFS Express item with guaranteed same or next day shipping or the freight is free.
5565,Methylene chloride.  Alkene stabilized.  SKU 18032 is a GFS Express item with guaranteed same or next day shipping or the freight is free.
5568,"Suitable for GC, UV, LC-MS and pesticide residue analysis.  SKU 18062 is a GFS Express item with guaranteed same or next day shipping or the freight is free."
5569,2-Propanol.
5570,Suitable for LC-MS.
5576,No stabilizer.  SKU 18152 is a GFS Express item with guaranteed same or next day shipping or the freight is free.
5578,ISOOCTANE.
5584,0.02 mol/L.
5586,"Ethereal HCl. HCl in 1,4-dioxane."
5589,Not on the TSCA inventory.
5605,Kit contains 8 x 100 mL Coulometric Vessel Solution for Oils (GFS # 5202) and 8 x 5 mL Universal Generator Solution (GFS # 2321) in standard ampules.
5613,Applicable for use in LC/UV gradient and microelectronics. Ultra-low trace organics and metals.
5614,High purity solution for use in liquid chromatography applications.
5615,High purity solution for use in liquid chromatography applications.
5617,SKU 20351 is a GFS Express item with guaranteed same or next day shipping or the freight is free.
5634,High purity solution for use in liquid chromatography applications.
5635,High purity solution for use in liquid chromatography applications.
5643,0.1 mol/L. Standard solution for cerate oxidimetry.
5644,0.2 mol/L. Standard solution for cerate oxidimetry.
5653,"Hydrogen chloride is readily desorbed from solution, so concentration may drop over time."
5656,Stabilized with about 250 ppm BHT.
5707,For volumetric or coulometric use. For standardization of titrants or titrators.
5730,Not on the TSCA inventory.
5767,4-(2-Hydroxyethyl)piperazine-1-ethanesulfonic acid.
5791,6.0 mol/L.
5794,Ethereal HCl. HCl in CPME.
5801,CETANE.
5811,"SODIUM ACETATE, ANHYDROUS, HPLC."
5820,Suitable for use in ASTM D56.
5871,0.282 mol/L.  1 ml = 10 mg Cl.
5882,Suitable for LC-MS.
5883,Suitable for LC-MS.
5884,Suitable for LC-MS.
5910,Contains Cerium IV and Perchloric Acid. A superior etchant solution for preparing printed circuits. Particularly useful with chrome or nichrome photoresists.
5911,Contains Cerium IV and Perchloric Acid. Higher concentration for faster etch and greater capacity.
5912,Contains Cerium IV and Dilute Nitric Acid.
5913,Contains Cerium IV and Dilute Nitric Acid. Extra strength and can be diluted to desired strength by adding water.
5988,Fill solution for certain pH electrodes.
6046,Acetic acid dimethylamide.
6047,Formic acid dimethylamide.
6048,"Methylsulfoxide, Sulfinyl bis(methane), Methylsulfinylmethane."
6049,"N-Methylpyrrolidone, N-Methyl-2-pyrrolidinone."
6050,"α-cresol, hydroxytoluene, methylphenol, phenylcarbinol."
6051,"Tested for EPA533 and EPA537.1 PFAS methods. Synonyms: ACN, cyanomethane, ethyl nitrile, methyl cyanide."
6052,"Methanol, for PFAS analysis, tested for EPA533 and EPA537.1 methods."
6053,"Water, for PFAS analysis, tested for EPA533 and EPA537.1 methods."
6054,"ACN, cyanomethane, ethyl nitrile, methyl cyanide."
6055,"Methyl alcohol, Carbinol, Wood alcohol, MeOH."
6065,Particle size typically -20 mesh.
6581,ACS reagent material meeting low chloride spec.
6661,For determination of cellulose by viscosity.
7100,SKU 71040 is a GFS Express item with guaranteed same or next day shipping or the freight is free.Analyzed for approximately 68 analytes most to less than 1 PPB and packaged in class 100 cleanroom in a special PPQ bottle.
7110,SKU 71120 is a GFS Express item with guaranteed same or next day shipping or the freight is free.Analyzed for approximately 68 analytes most to less than 1 PPB and packaged in class 100 cleanroom in a special PPQ bottle.
7120,Analyzed for approximately 68 analytes most to less than 1 PPB and packaged in class 100 cleanroom in a special PPQ bottle.
7130,Analyzed for approximately 68 analytes most to less than 1 PPB and packaged in class 100 cleanroom in a special PPQ bottle.
7140,Analyzed for approximately 68 analytes most to less than 1 PPB and packaged in class 100 cleanroom in a special PPQ bottle.
7150,Analyzed for approximately 68 analytes most to less than 1 PPB and packaged in class 100 cleanroom in a special PPQ bottle.
7210,SKU 72130 is a GFS Express item with guaranteed same or next day shipping or the freight is free. Analyzed for approximately 68 analytes most to less than 50 PPT and packaged in class 100 cleanroom in a special fluoropolymer bottle.
7220,Analyzed for approximately 68 analytes most to less than 50 PPT and packaged in class 100 cleanroom in a special fluoropolymer bottle.
7230,Analyzed for approximately 68 analytes most to less than 50 PPT and packaged in class 100 cleanroom in a special fluoropolymer bottle.
7240,Analyzed for approximately 68 analytes most to less than 50 PPT and packaged in class 100 cleanroom in a special fluoropolymer bottle.
7250,Analyzed for approximately 68 analytes most to less than 50 PPT and packaged in class 100 cleanroom in a special fluoropolymer bottle.
7260,Analyzed for approximately 68 analytes most to less than 50 PPT and packaged in class 100 cleanroom in a special fluoropolymer bottle.
7290,Analyzed for approximately 68 analytes most to less than 50 PPT and packaged in class 100 cleanroom in a special fluoropolymer bottle.
8000,For All Turbidimeters.
8001,For All EPA 180.1 Design Turbidimeters.
8002,For All EPA 180.1 Design Turbidimeters.
8003,For All EPA 180.1 Design Turbidimeters.
8004,For All EPA 180.1 Design Turbidimeters.
8005,For All EPA 180.1 Design Turbidimeters.
8006,For All EPA 180.1 Design Turbidimeters.
8007,For All EPA 180.1 Design Turbidimeters.
8008,For All EPA 180.1 Design Turbidimeters.
8009,For All EPA 180.1 Design Turbidimeters.
8010,For All EPA 180.1 Design Turbidimeters.
8011,For All EPA 180.1 Design Turbidimeters.
8012,For All EPA 180.1 Design Turbidimeters.
8013,For All EPA 180.1 Design Turbidimeters.
8014,For All EPA 180.1 Design Turbidimeters.
8015,For All EPA 180.1 Design Turbidimeters.
8016,For All EPA 180.1 Design Turbidimeters.
8017,For All EPA 180.1 Design Turbidimeters.
8018,For All EPA 180.1 Design Turbidimeters.
8019,For All EPA 180.1 Design Turbidimeters.
8020,For All EPA 180.1 Design Turbidimeters.
8021,For All EPA 180.1 Design Turbidimeters.
8022,For All EPA 180.1 Design Turbidimeters.
8024,For All EPA 180.1 Design Turbidimeters.
8025,For All EPA 180.1 Design Turbidimeters.
8026,For All EPA 180.1 Design Turbidimeters.
8027,For All EPA 180.1 Design Turbidimeters.
8028,For All EPA 180.1 Design Turbidimeters.
8029,For All EPA 180.1 Design Turbidimeters.
8030,For All EPA 180.1 Design Turbidimeters.
8032,"For Hach 2100N, Hach TL2310, Hach TL2360, and Hach 2100AN IS Turbidimeters."
8035,For Hach Ratio XR 43900 Turbidimeter.
8037,For Hach Ratio XR 43900 Turbidimeter.
8039,For Hach 18900 Ratio Turbidimeter.
8041,For Hach Ratio XR 43900 Turbidimeter.
8042,For EBC Design Haze Meters.
8043,For EBC Design Haze Meters.
8044,For EBC Design Haze Meters.
8045,For EBC Design Haze Meters.
8046,For EBC Design Haze Meters.
8047,For EBC Design Haze Meters.
8050,For Hach 1720 Online Turbidity Meter.
8052,For Thermo Scientific Orion AQ4500 Turbidimeter.
8054,For Thermo Scientific Orion AQ4500 Turbidimeter.
8056,For Thermo Scientific Orion AQ4500 Turbidimeter.
8058,For Thermo Scientific Orion AQ4500 Turbidimeter.
8067,"For Hach 2100N, Hach TL2310, Hach 2100AN, and Hach TL2350 Turbidimeters."
8070,For Hach 1720C Low Range Process Turbidimeter.
8076,For HF Scientific IR Turbidimeters.
8077,For HF Scientific IR Turbidimeters.
8079,For HF Scientific Micro 1000 Turbidimeter (White Light).
8098,"For Hach 2100N, Hach TL2310, Hach 2100AN, and Hach TL2350 Turbidimeters."
8099,"For Hach 2100N, Hach TL2310, Hach 2100AN, and Hach TL2350 Turbidimeters."
8100,"For Hach 2100N, Hach TL2310, Hach 2100AN, and Hach TL2350 Turbidimeters."
8104,For Hach Ratio XR 43900 Turbidimeter.
8106,"For Hach 2100N, Hach TL2310, Hach 2100AN, and Hach TL2350 Turbidimeters."
8107,"For Hach 2100N, Hach TL2310, Hach 2100AN, and Hach TL2350 Turbidimeters."
8108,"For Hach 2100N, Hach TL2310, Hach 2100AN, and Hach TL2350 Turbidimeters."
8109,"For Hach 2100N, Hach TL2310, Hach 2100AN, and Hach TL2350 Turbidimeters."
8110,"For Hach 2100N, Hach TL2310, Hach 2100AN, and Hach TL2350 Turbidimeters."
8111,For Hach 2100P Turbidimeter.
8112,For Hach 2100P Turbidimeter.
8113,For Hach 2100P Turbidimeter.
8114,For Hach 2100P Turbidimeter.
8115,For Hach 2100P Turbidimeter.
8117,For ISO 7027 Design Turbidity Probes.
8118,For EPA 180.1 Design Turbidity Probes.
8120,For ISO 7027 Design Turbidity Probes.
8121,For ISO 7027 Design Turbidity Probes.
8122,For ISO 7027 Design Turbidity Probes.
8124,For Use With Hach 2100P Turbidimeter.
8125,For Use with Hanna ISO 7027 Turbidimeters.
8129,"For Hach 2100N, Hach TL2310, Hach 2100AN, and Hach TL2350 Turbidimeters."
8132,For Use with Hanna ISO 7027 Turbidimeters.
8147,For Hach 2100AN IS and Hach TL2360 Turbidimeters.
8148,For Hach 2100AN IS and Hach TL2360 Turbidimeters.
8176,For HYDROLAB HL4 Series Sonde Turbidity Sensor
8179,For Lamotte 2020 Turbidimeter.
8180,For Lamotte 2020 Turbidimeter.
8184,For Lamotte 2020 Turbidimeter.
8186,For Lamotte 2020e and TC3000e Turbidimeters.
8188,For ISO 7027 Design Turbidity Probes.
8189,For ISO 7027 Design Turbidity Probes.
8195,"Calibration kit containing 0.0, 20, 200, 1000, and 4000 NTU standards for Hach 2100N IS and Hach 2100AN IS turbidity instruments. Available as primary calibration standards, sealed secondary verification standards, or a deluxe kit including both."
8201,"Calibration kit containing 0.5, 5.0 and 40 NTU standards for EPA 180.1 design turbidity instruments. Available as primary calibration standards, sealed secondary verification standards, or deluxe kit including both."
8203,"Calibration kit containing 0.5, 5.0, 40 and 900 NTU standards for EPA 180.1 design turbidity instruments. Available as primary calibration standards."
8204,Calibration kit containing 1.0 and 10 NTU standards for LaMotte 2020 turbidity instruments. Available as primary calibration standards.
8208,"Primary Calibration kit for Monitek TA1 and Hach 2100A instruments. Includes 250 mL bottles of 1.0, 10, and 100 NTU standards."
8211,"Calibration kit containing 0.0 and 40 NTU standards for Orbeco-Hellige turbidity instruments. Available as primary calibration standards and a deluxe kit, containing both primary calibration standards and sealed secondary verification standards."
8212,"Calibration kit containing 1.8, 18, and 180 NTU standards required to calibrate the Hach Ratio 18900 turbidity instrument. Available as primary calibration standards, sealed secondary verification standardards, or a deluxe kit including both. "
8213,"Calibration kit containing 1.8, 18 and 180 NTU standards required to calibrate the Hach Ratio/XR and Ratio 2000 instruments in the lower ranges. Available as primary calibration standards, sealed secondary verification standards, or a deluxe kit including both."
8214,"Calibration kit containing 1.8, 18, 180 and 1800 NTU standards required to calibrate the Hach Ratio/XR and Ratio 2000 instruments in the full range. Available as primary calibration standards, sealed secondary verification standardards, or a deluxe kit including both."
8215,"Calibration kit containing 0.0, 20, 200, 1000, and 4000 NTU standards for Hach 2100N and Hach 2100AN turbidity instruments. Available as primary calibration standards, sealed secondary verification standards, or a deluxe kit including both."
8216,"Calibration kit containing 0.0, 20, 100 and 800 NTU standards required to calibrate the Hach 2100P turbidimeter. Available as primary calibration standards, sealed secondary verification standards, or a deluxe kit including both."
8219,"Calibration kit containing 0.0, 10 and 1000 NTU standards required to calibrate the HF Micro 100 white light instrument. Available as primary calibration standards or a deluxe kit containing both primary calibration standards and sealed secondary verification standards."
8220,"Kit contains 0.0, 10, 100 and 1750 NTU standards required to calibrate the HF Micro 1000 IR instrument."
8221,"Calibration kit containing 0.0 NTU, 10 NTU, 100 NTU and 1750 FNU standards required to calibrate the HF Micro 1000 IR instrument. Available as primary calibration standards or a deluxe kit containing both primary calibration standards and sealed secondary verification standards."
8246,Calibration kit containing 0.0 and 10 FNU standards required to calibrate the Hanna HI 93703 and LP 2000 turbidity instruments.
8247,"Calibration kit containing 0.0 and 20 NTU standards used to calibrate Hach 1720C, 1720D, and 1720E instruments. Available as primary calibration standards and deluxe kits."
8252,"Calibration kit containing 0.0, 10 and 1000 NTU standards required to calibrate the HF Micro TPW instrument. Available as primary calibration standards or a deluxe kit containing both primary calibration standards and sealed secondary verification standards."
8254,"Calibration kit containing 0.0, 0.2, 0.4, 0.6, 0.8 and 1.0 NTU standards to be used to calibrate and verify instrument's linearity in the 0.0 to 1.0 NTU range. Avaliable as 125 mL, 250 mL, or 500 mL bottles."
8255,"Calibration kit containing 0.0, 2, 4, 6, 8 and 10 NTU primary standards to be used to calibrate and verify instrument's linearity in the 0.0 to 10 NTU range. Available in 125 mL or 250 mL bottles."
8256,"Calibration kit containing 0.0, 20, 40, 60, 80 and 100 NTU primary standards to be used to calibrate and verify turbidity instrument linearity in the 0.0 to 100 NTU range."
8257,"Calibration kit containing 0.0, 0.1, 0.2 NTU primary standards to be used to calibrate and verify turbidity instrument linearity in the 0.0 to 0.2 NTU range."
8259,"Kit consists of one bottle of 40 NTU primary standard and one bottle of 400 NTU formazin. For all meters with tungsten lamp excpet Hach 18900, Ratio XR and Ratio 2000. Formazin must be used in 30 days."
8265,"Calibration kit containing 0.0, 10, 100 and 1000 NTU standards required to calibrate the HF Scientific DRT-15CE portable turbidimeter. Available as primary calibration standards or a deluxe kit containing both primary calibration standards and sealed secondary verification standards."
8268,"Calibration kit containing 0.0 NTU, 10 NTU, 100 NTU and 1750 FNU standards required to calibrate the HF Micro 1000 white light instrument. Available as primary calibration standards or a deluxe kit containing both primary calibration standards and sealed secondary verification standards."
8271,"Calibration kit containing 0.0 and 1.0 NTU standards required to calibrate the Hach 1720C, Hach 1720D and Hach 1720E instruments in the low range. Available as 1L and 1 gallon kits."
8275,"Calibration kit containing 0.0, 10, 100 and 1000 NTU standards required to calibrate the HF Scientific Micro TPI turbidity instrument. Available as primary calibration standards or a deluxe kit including both primary calibration standards and sealed secondary verification standards."
8276,"Calibration kit containing 0.0, 10 and 100 NTU standards required to calibrate the HF Scientific Micro TOL 3 turbidity instrument. Available as primary calibration standards or a deluxe kit including both primary calibration standards and sealed secondary verification standards."
8279,Calibration kit containing 0.0 and 0.8 NTU standards required tocalibrate the Hach Filter Track(r) 660 Instrument. Available in 1 L and 1 gallon sizes.
8290,"For Hach 2100N, Hach TL2310, Hach 2100AN/IS, and Hach TL2360 Turbidimeters."
8301,"NIST Traceable, non-toxic reference material for the UV spectrophotometer. Full UV scan reported with a typical absorbance at 300 nm in 10 mm pathlength being approximately 0.039."
8302,"NIST Traceable, non-toxic reference material for the UV spectrophotometer. Full UV scan reported with a typical absorbance at 300 nm in 10 mm pathlength being approximately 0.060."
8303,"NIST Traceable, non-toxic reference material for the UV spectrophotometer. Full UV scan reported with a typical absorbance at 300 nm in 10 mm pathlength being approximately 0.079."
8304,"NIST Traceable, non-toxic reference material for the UV spectrophotometer. Full UV scan reported with a typical absorbance at 300 nm in 10 mm pathlength being approximately 0.131."
8305,"NIST Traceable, non-toxic reference material for the UV spectrophotometer. Full UV scan reported with a typical absorbance at 300 nm in 10 mm pathlength being approximately 0.155."
8306,"NIST Traceable, non-toxic reference material for the UV spectrophotometer. Full UV scan reported with a typical absorbance at 300 nm in 10 mm pathlength being approximately 0.201."
9306,"NIST Traceable, non-toxic reference material for the UV spectrophotometer. Full UV scan reported with a typical absorbance at 300 nm in 10 mm pathlength being approximately 0.201."
8307,"NIST Traceable, non-toxic reference material for the UV spectrophotometer. Full UV scan reported with a typical absorbance at 300 nm in 10 mm pathlength being approximately 0.230."
8308,"NIST Traceable, non-toxic reference material for the UV spectrophotometer. Full UV scan reported with a typical absorbance at 300 nm in 10 mm pathlength being approximately 0.253."
8309,"NIST Traceable, non-toxic reference material for the UV spectrophotometer. Full UV scan reported with a typical absorbance at 300 nm in 10 mm pathlength being approximately 0.508."
8310,"NIST Traceable, non-toxic reference material for the UV spectrophotometer. Full UV scan reported with a typical absorbance at 300 nm in 10 mm pathlength being approximately 0.754."
8311,"NIST Traceable, non-toxic reference material for the visible spectrophotometer. Full visible scan reported with a typical absorbance at 600 nm in 10 mm pathlength being approximately 0.034."
8312,"NIST Traceable, non-toxic reference material for the visible spectrophotometer. Full visible scan reported with a typical absorbance at 600 nm in 10 mm pathlength being approximately 0.072."
8313,"NIST Traceable, non-toxic reference material for the visible spectrophotometer. Full visible scan reported with a typical absorbance at 600 nm in 10 mm pathlength being approximately 0.368."
8314,"NIST Traceable, non-toxic reference material for the visible spectrophotometer. Full visible scan reported with a typical absorbance at 600 nm in 10 mm pathlength being approximately 0.566."
8315,"NIST Traceable, non-toxic reference material for the visible spectrophotometer. Full visible scan reported with a typical absorbance at 600 nm in 10 mm pathlength being approximately 0.767."
8316,"NIST Traceable, non-toxic reference material for the visible spectrophotometer. Full visible scan reported with a typical absorbance at 600 nm in 10 mm pathlength being approximately 2.917."
8322,"NIST Traceable, non-toxic reference material for the visible spectrophotometer. Full visible scan reported with a typical absorbance at 600 nm in 10 mm pathlength being approximately 0.212."
8329,For HF Scientific IR Turbidimeters.
8335,For Lamotte 2020e and TC3000e Turbidimeters.
8336,For Lamotte 2020e and TC3000e Turbidimeters.
8337,For Lamotte 2020e and TC3000e Turbidimeters.
8338,For Lamotte 2020i (legacy) and Lamotte TC3000i Turbidimeters.
8339,For Lamotte 2020i (legacy) and Lamotte TC3000i Turbidimeters.
8340,Holmium oxide (4%) in 10% v/v perchloric acid. For the verification of the UV-Visible spectrophotometer wavelength scale.
8430,Holmium oxide (4%) in 10% v/v perchloric acid. For the verification of the UV-Visible spectrophotometer wavelength scale.
8341,For Lamotte 2020i (legacy) and Lamotte TC3000i Turbidimeters.
8348,In 0.001 N perchloric acid. For testing the absorbance scale and linearity of UV Spectrophotometers.
8349,0.001 N perchloric acid solution. To be used as a blank/background solution when testing UV absorbance/linearity with potassium dichromate UV solution.
8350,In 0.001 N perchloric acid. For testing the absorbance scale and linearity of UV Spectrophotometers.
8356,For Hach 2100AN and Hach TL2350 Turbidimeters.
8358,For HF Scientific Micro 1000 Turbidimeter (White Light).
8359,For HF Scientific Micro 1000 Turbidimeter (IR).
8360,For All EPA 180.1 Design Turbidimeters.
8361,For All EPA 180.1 Design Turbidimeters.
8362,For All EPA 180.1 Design Turbidimeters.
8368,In 0.001 N perchloric acid. For testing the absorbance scale and linearity of UV Spectrophotometers.
8369,In 0.001 N perchloric acid. For testing the absorbance scale and linearity of UV Spectrophotometers.
8372,In 0.001 N perchloric acid. For testing the absorbance scale and linearity of UV Spectrophotometers.
8378,Didymium oxide (4%) in 10% v/v perchloric acid. For the verification of the UV-Visible spectrophotometer wavelength scale.
8379,Samarium oxide (4%) in 10% v/v perchloric acid. For the verifcation of the UV-Visible spectrophotometer wavelength scale.
8380,UV cutoff 260 nm.
8381,UV cutoff 260 nm.
8384,UV cutoff 260 nm.
8385,"For testing the absorbance scale and linearity of UV Spectrophotometers. Kit contains one 10 mm quartz cell of a blank and each of the following concentrations: 20, 40, 60, 80 and 100 ug/ml."
8401,For Hanna HI9829 Meter.
8403,For Hanna HI9829 Meter.
8410,For ISO 7027 Design Turbidity Probes.
8411,For Rosemount Clarity II EPA 180.1 Online Turbidimeter.
8412,For Rosemount Clarity II ISO 7027 Online Turbidimeter.
8414,"Customer application specific photometric accuracy standard. Provide pathlength, wavelength of interest, and desired absorbance. Popular wavelengths include 280/320/523 nm. Please call for assistance."
8416,"Customer application specific photometric accuracy standard. Provide pathlength, wavelength of interest, and desired absorbance. Popular wavelengths include 254/260/412 nm. Please call for assistance."
8417,"Calibration kit containing 0.0 and 20 NTU standards for Rosemount Clarity II EPA 180.1 Online Turbidimeter. Available as a primary calibration standards and deluxe kit containing primary calibration standards, spout, and wash bottle."
8418,"Calibration kit containing 0.0 and 20 NTU standards for Rosemount Clarity II ISO 7027 Online Turbidimeter. Available as a primary calibration standards and deluxe kit containing primary calibration standards, spout, and wash bottle."
8428,For Campbell Scientific OBS 3 series (Probe) Turbidity Sensor.
8429,For Campbell Scientific OBS 3 series (Probe) Turbidity Sensor.
8431,For Campbell Scientific OBS 3 series (Probe) Turbidity Sensor.
8432,For Campbell Scientific OBS 3 series (Probe) Turbidity Sensor.
8433,For Campbell Scientific OBS 3 series (Probe) Turbidity Sensor.
8446,"Kit consists of Transmittance Background solution, 250 ml, and Transmittance solutions of 20%, 40%, 60%, 125 ml each and 80%, 250 ml. NIST Traceable."
8451,For Mettler Toledo InPro 8200 Turbidity Sensor.
8452,For Mettler Toledo InPro 8200 Turbidity Sensor.
8453,For Mettler Toledo InPro 8200 Turbidity Sensor.
8454,For Mettler Toledo InPro 8200 Turbidity Sensor.
8455,For Mettler Toledo InPro 8200 Turbidity Sensor.
8456,For ISO 7027 Design Turbidity Probes.
8464,For Hach 2100 AN IS Turbidimeter.
8473,For determining peak resolution due to varying spectral bandwidths or slitwidths.
8475,100% Transmittance. Background for In-Spec dye standards.
8476,"Standard kit for the verification of photometric accuracy at 260, 280 and 320 nm in a 1 mm pathlength spectrophotometer."
8482,For Lamotte 2020e and Lamotte TC3000e Turbidimeters.
8483,"Multistandard reference solution for turbidity, conductivity, and pH calibration. 0.0 NTU, 4.49 mS/cm, pH 4.00."
8484,"Calibration kit containing 1.0 and 10 NTU standards for the LaMotte 2020e and TC-3000e turbidity instruments. Available as primary calibration standards and a deluxe kit, containing both primary calibration standards and sealed secondary verification standards."
8485,For IN-SITU TROLL 9000.
8486,For IN-SITU TROLL 9000.
8488,For IN-SITU TROLL 9000.
8502,For Turner Trilogy Instrument.
8503,For Turner Trilogy Instrument.
8506,For Turner C3 Turbidimeter.
8507,For Turner C3 Turbidimeter.
8508,For Hach 2100AN IS and Hach TL2360 Turbidimeters.
8509,For Hach 2100AN IS and Hach TL2360 Turbidimeters.
8513,"For Hach 2100N, Hach 2100AN, Hach TL2310 and Hach TL2350 Turbidimeters."
8515,For Horiba W-22.
8516,For Horiba W-22.
8517,For Horiba W-22.
8518,For Horiba U-53.
8519,For Horiba U-53.
8520,For Horiba U-53.
8521,For Horiba U-52.
8522,For Horiba U-52.
8523,For Horiba U-52.
8534,For Hach 2100Q Portable Turbidimeter (White Light).
8535,For Hach 2100Q Portable Turbidimeter (White Light).
8536,For Hach 2100Q Portable Turbidimeter (White Light).
8537,For Hach 2100Q Portable Turbidimeter (White Light).
8538,For Hach 2100Q Portable Turbidimeter (IR).
8539,For Hach 2100Q Portable Turbidimeter (IR).
8540,For Hach 2100Q Portable Turbidimeter (IR).
8541,For Hach 2100Q Portable Turbidimeter (IR).
8542,"Calibration kit containing 0.0, 20, 100 and 800 NTU standards for the Hach 2100Q Portable Turbidimeter (White Light). Available as primary calibration standards, sealed secondary verification standards, or a deluxe kit including both."
8543,"Calibration kit containing 0.0, 20, 100 and 800 NTU standards for the Hach 2100Q Portable Turbidimeter (IR). Available as primary calibration standard or a deluxe kit including both primary calibration standards and sealed secondary verification standards."
8545,For Turner AquaFluor Handheld Fluorometer/Turbidimeter.
8546,For Turner AquaFluor Handheld Fluorometer/Turbidimeter.
8577,For Lamotte 2020We Turbidimeter.
8578,For Lamotte 2020We Turbidimeter.
8579,For Lamotte 2020We Turbidimeter.
8580,For Lamotte 2020Wi Turbidimeter.
8581,For Lamotte 2020Wi Turbidimeter.
8582,For Lamotte 2020Wi Turbidimeter.
8584,Calibration kit containing 1.0 and 10 NTU standards for LaMotte 2020WE turbidity instrument. Available as primary calibration standards or a deluxe kit containing both primary calibration standards and sealed secondary verification standards.
8585,For Lamotte 2020We Turbidimeter.
8587,Reference material for verification of UV-Visible spectrophotometers' photometric accuracy. Popular verification of requirements for BCA assay.
8588,Calibration kit containing 1.0 and 10 FNU standards for LaMotte 2020wi turbidimeter. Available as primary calibration standards and deluxe kit with primary and sealed secondary verification standards.
8619,For Turner C3 Turbidimeter.
8620,For Turner C3 Turbidimeter.
8621,For Turner C3 Turbidimeter.
8622,"Calibration kit containing 1.0 and 10 FNU standards for Lamotte 2020i (Legacy) and TC3000i turbidity instruments. Available as primary calibration standards and a deluxe kit, containing both primary calibration standards and sealed secondary verification standards."
8623,"Kit contains 1 bottle of In-Spec Vis Standards 0.1, 0.5 and 0.8."
8624,For Hanna 88703 EPA Turbidimeter.
8626,For Hanna 88703 EPA Turbidimeter.
8627,For Hanna 88703 EPA Turbidimeter.
8628,For Hanna 88703 EPA Turbidimeter.
8629,For Hanna HI88713 ISO 7027 Benchtop Turbidimeter.
8630,For Hanna HI88713 ISO 7027 Benchtop Turbidimeter.
8631,For Hanna HI88713 ISO 7027 Benchtop Turbidimeter.
8632,For Hanna HI88713 ISO 7027 Benchtop Turbidimeter.
8635,For Hanna HI88713 EPA Benchtop Turbidimeter.
8637,For Hanna HI88713 ISO 7027 Benchtop Turbidimeter.
8639,For All EPA 180.1 Design Turbidimeters.
8641,For Hanna HI88713 ISO 7027 Benchtop Turbidimeter.
8643,For Horiba U-52.
8650,"For Hach 2100N, Hach 2100AN, Hach TL2310 and Hach TL2350 Turbidimeters."
8654,For Hach 2100P Portable Turbidimeter.
8655,For Hach 2100P Portable Turbidimeter.
8656,For Hach 2100P Portable Turbidimeter.
8658,Kit contains 125 mL bottles of In-Spec UV 8 and Visible 0.5 standards and 30 mL bottles of potassium chloride stray light filter and holmium oxide wavelength standard.
8700,For IN-SITU Aqua TROLL  600 Sonde.
8701,For IN-SITU Aqua TROLL  600 Sonde.
8702,For IN-SITU Aqua TROLL  600 Sonde.
8703,For IN-SITU Aqua TROLL  600 Sonde.
8705,For IN-SITU Aqua TROLL  600 Sonde.
8707,For IN-SITU Aqua TROLL  600 Sonde.
8723,For Campbell Scientific OBS+ (Probe) Turbidity Sensor.
8724,For Campbell Scientific OBS+ (Probe) Turbidity Sensor.
8725,For Campbell Scientific OBS+ (Probe) Turbidity Sensor.
8726,For Campbell Scientific OBS+ (Probe) Turbidity Sensor.
8727,For Campbell Scientific OBS+ (Probe) Turbidity Sensor.
8728,For Campbell Scientific OBS+ (Probe) Turbidity Sensor.
8735,"For Hach TU5200 Laboratory Laser Turbidimeter, EPA Version."
8736,"For Hach TU5200 Laboratory Laser Turbidimeter, EPA Version."
8737,"For Hach TU5200 Laboratory Laser Turbidimeter, EPA Version."
8738,"For Hach TU5200 Laboratory Laser Turbidimeter, EPA Version."
8739,"For Hach TU5200 Laboratory Laser Turbidimeter, EPA Version."
8761,LaMotte 2020i (current). 
8762,LaMotte 2020i (current). 
8763,LaMotte 2020i (current). 
8764,For Hach 2100Q Portable Turbidimeter (White Light).
8765,For Hach 2100Q Portable Turbidimeter (White Light).
8766,For Hach 2100Q Portable Turbidimeter (White Light).
8802,"For Hach 2100N, Hach 2100AN, Hach TL2310 and Hach TL2350 Turbidimeters."
8866,"For Hach TU5200 Laboratory Laser Turbidimeter, EPA Version."
8916,For Hach 2100Q Portable Turbidimeter (White Light).
9004,Colorimetric surrogate standard for 10.0 mg/L free chlorine in DPD colorimetric method.
9031,SKU 86521 is a GFS Express item with guaranteed same or next day shipping or the freight is free.
9032,Protect from light.
9033,Platinum-Cobalt base.
9053,0.5 mol/L.
9055,0.02 mol/L.
9196,0.25 mol/L.
9205,Made from potassium chloride.
9226,0.025 mol/L.
9245,Made from potassium chloride.
9271,0.025 mol/L.
9307,Made from potassium chloride.
9319,Color coded green.
9357,Made from potassium chloride.
9370,0.1 mol/L.  
9376,Made from potassium chloride.
9413,Made from potassium chloride.
9414,Made from potassium chloride.
9418,Platinum-Cobalt base.
9478,Not on the TSCA inventory.
9481,Made from potassium chloride.
9484,5.0 mol/L
9498,Platinum-Cobalt base.
9502,Platinum-Cobalt base.
9561,Not on the TSCA inventory.
9720,Not on the TSCA inventory.
9722,Not on the TSCA inventory.
9835,"Hardness Standard, 1,000 ug/mL as calcium carbonate."
9837,0 ml = 1 mg CaCO3.
9910,0.005 mol/L.
